日期,時間,賽事名稱,縣市,地區,地點,地址,距離,分類,報名狀態,報名開始,報名截止,剩幾天,最低報名費,認證,承辦單位,報名連結,來源,資料問題
2026-10-04,,2026 LAVA花蓮太平洋鐵人賽,花蓮縣,東部,,花蓮縣壽豐鄉鯉魚潭,58K / 56.5K / 28.25K,25-42K、超馬,已截止,2026-06-30,2026-08-15,,,,,,運動筆記,
2026-10-04,,2026 OKRUN【愛在潮州】,屏東縣,南部,,屏東縣潮州鎮育英路31號,21K / 10K / 6K,10K、半馬、10K以下,已截止,2026-04-08,2026-06-30,,,,,,運動筆記,
2026-10-04,,2026 Puli Power 埔里山城派對馬拉松,南投縣,中部,,南投縣埔里鎮中山路一段435號,42K / 24K / 10K / 5K,10K、全馬、25-42K、10K以下,已截止,2026-05-01,2026-06-30,,,,,,運動筆記,
2026-10-04,,2026 新竹市「戀戀海岸線」快樂路跑,新竹市,北部,,新竹市北區新港南路10號,18K / 9K / 4.5K,10K、10K以下,已截止,2026-04-08,2026-07-31,,,,,,運動筆記,
2026-10-04,,2026 第五屆壽司半程馬拉松-跑得開心 吃得sushi半程馬拉松,雲林縣,中部,,雲林縣二崙鄉民生路126巷35號,21K / 10K / 5K / 3K,10K、半馬、10K以下,已截止,2026-02-10,2026-08-16,,,,,,運動筆記,
2026-10-04,,2026 第四屆番路鄉嘉有喜柿-珍惜水資源路跑,嘉義縣,南部,,嘉義縣番路鄉觸口村51號,13.5K / 5K / 3K,10K、10K以下,已截止,2026-06-04,2026-07-15,,,,,,運動筆記,
2026-10-04,,2026 華山論劍湖超級馬拉松,雲林縣,中部,,雲林縣古坑鄉永光村大湖口1-12號,100K / 70K / 50K,超馬,已截止,2026-04-16,2026-08-31,,,,,,運動筆記,
2026-10-04,,2026八百壯士系列--制霸極北超馬賽,新北市,北部,,新北市石門區崁子腳路99號,105.3K / 57.4K,超馬,已截止,2025-10-01,2026-09-04,,,,,,運動筆記,
2026-10-04,,2026公勝盃公益路跑,臺中市,中部,,台中市西屯區凱旋路,10K,10K,已截止,2026-06-22,2026-08-14,,,,,,運動筆記,
2026-10-04,,2026國際極限超級鐵人國內選拔賽 (臺灣台南場),臺南市,南部,,臺南市南區竹溪里健康路一段269號,226K / 100K / 72H / 48H / 24H,計時賽、超馬,已截止,2026-06-30,2026-08-03,,,,,,運動筆記,
2026-10-04,,2026宜蘭縣冬山河水岸馬拉松,宜蘭縣,北部,,宜蘭縣五結鄉親河路二段2號,42.195K / 21K / 11K / 6K,10K、全馬、半馬、10K以下,已截止,2026-04-20,2026-08-20,,,,,,運動筆記,
2026-10-04,,2026年火燒島馬拉松,臺東縣,東部,,綠島免稅新天地前廣場,42.195K / 21K / 10K / 5K,10K、全馬、半馬、10K以下,已截止,2026-06-18,2026-08-20,,,,,,運動筆記,
2026-10-04,,2026新屋魚米之鄉馬拉松,桃園市,北部,,桃園市新屋區東興路二段888號,21K / 10K / 3K,10K、半馬、10K以下,已截止,2026-05-15,2026-08-31,,,,,,運動筆記,
2026-10-07,,台北市 5000 公尺挑戰賽(10/7場),臺北市,北部,,臺北田徑場,5K,10K以下,報名中,,,,,,,,運動筆記,
2026-10-09,,2026 Maokong 貓空 Night Trail,臺北市,北部,臺北市文山區煎茶院,臺北市文山區指南路三段40巷20之1號,65K / 40K,25-42K、越野、超馬,已截止,2026-03-01,2026-09-01,,,,Venture Treks,https://venturetreks.asia/maokong/,跑者廣場、運動筆記,
2026-10-10,,2026 Maokong 貓空 Night Trail,臺北市,北部,臺北市文山區煎茶院,,40K / 15K / 9K / 6K,10K、25-42K、10K以下、越野,已截止,,,,,,Venture Treks,https://venturetreks.asia/maokong/,跑者廣場,
2026-10-10,08:00,2026 年盲人環臺公益路跑熱身賽,臺北市,北部,臺北市士林區溪山實驗國民小學,臺北市士林區溪山里至善路三段199號,17K / 6K,10K、10K以下,已截止,2026-07-15,2026-09-30,,100,,臺灣盲人環臺為公益而跑協會,https://www.focusline.com.tw/261010JP,跑者廣場、運動筆記,
2026-10-10,06:00,2026 第14屆開廣飛跑盃超級馬拉松,新北市,北部,新北市新莊區新莊田徑場,新北市新莊區中華路一段,50K / 42.195K / 6H / 5H接力,全馬、接力、計時賽、超馬,已截止,2026-05-29,2026-09-09,,,measured,社團法人中華民國超級馬拉松運動協會,https://www.ctau.org.tw/news/2026-10-10-%e9%96%8b%e5%bb%a3%e7%9b%83%e8%b6%85%e7%b4%9a%e9%a6%ac%e6%8b%89%e6%9d%be/,跑者廣場、運動筆記,
2026-10-11,,2026 國際女孩日水水運動節,彰化縣,中部,彰化縣田中鎮美夢成真廊道,彰化縣田中鎮高鐵田中路二段與高鐵東七路路口,21K / 10K / 3K,10K、半馬、10K以下,已截止,2026-08-21,2026-09-15,,300,,彰化縣馬拉松路跑協會/二社田社區大學,https://irunner.biji.co/internationalgirlsfestival,跑者廣場、運動筆記,
2026-10-11,06:00,2026 府北馬拉松,臺南市,南部,臺南市新營區體育場,臺南市新營區長榮路二段78號,42.195K / 21.0975K / 5K,全馬、半馬、10K以下,已截止,2026-04-03,2026-08-02,,600,measured,臺南市鐵南人運動協會,https://bao-ming.com/eb/content/6963#32697,跑者廣場、運動筆記,
2026-10-11,05:30,2026 蘆竹機捷馬拉松,桃園市,北部,桃園市蘆竹區山外路外社橋旁,桃園市蘆竹區外社街,42.195K / 21.0975K / 10K / 4K,10K、全馬、半馬、10K以下,已截止,2026-02-26,2026-07-31,,600,,桃園市蘆竹區公所/桃園市蘆竹區體育會,https://www.focusline.com.tw/261011IY?promo=taipeimarathon,跑者廣場、運動筆記,
2026-10-11,07:30,第一屆樂敗國際精品路跑,臺中市,中部,臺中市烏日區富旺臺中高鐵商城,台中市烏日區高鐵五路155號,10K / 6K / 3K,10K、10K以下,已截止,2026-06-18,2026-07-30,,766,,樂敗精品/臺灣大腳丫長跑協會,https://irunner.biji.co/2026Lovebuy,跑者廣場、運動筆記,
2026-10-17,05:00,115 年運動i臺灣2.0計畫-臺中市潭子區旱溪水岸慢跑健走嘉年華,臺中市,中部,臺中市潭子區潭子簡易棒壘球場,臺中市潭子區潭興路一段25號,50.6K / 43K / 30.4K / 22.8K / 12.6K / 5K,10K、25-42K、10K以下、超馬,已截止,2026-06-06,2026-09-25,,500,,臺中市政府運動局/臺中市潭子區體育會,https://bao-ming.com/eb/content/7066#33056,跑者廣場、運動筆記,
2026-10-17,06:00,2026 臺東巴歌浪超鐵Taitung Super 3,臺東縣,東部,臺東縣臺東市森林公園活水湖,臺東縣台東市馬亨亨大道,3.8K+180K+42.2K / 1.9K+90K+21.1K,鐵人,已截止,,,,,,臺東縣超級鐵人三項協會,https://bao-ming.com/eb/content/6842#32250,跑者廣場、運動筆記,
2026-10-17,07:00,2026 阿里山茶香雲徑接力賽,嘉義縣,南部,嘉義縣竹崎鄉石棹中興國小,,16.8K / 16.8K接力,10K、接力,已截止,,,,,,嘉義縣政府,https://irunner.biji.co/2026Shizhuorace?page=5251,跑者廣場,
2026-10-17,,2026年FUN電多巴胺路跑嘉年華,臺中市,中部,,台中市西屯區都會園路1215巷140號,3K,10K以下,已截止,2026-06-10,2026-07-31,,950,,FUN電運動俱樂部,https://signup.lohasnet.tw/signup/4253,運動筆記,
2026-10-17,06:30,南庄山水悠遊行 2026-山水路跑賽,苗栗縣,中部,苗栗縣南庄鄉,苗栗縣南莊鄉大同路3號,21K / 10K / 4K,10K、半馬、10K以下,已截止,2026-04-01,2026-08-31,,400,,苗栗縣南庄農會,https://www.ctrun.com.tw/Activity/?EventMain_ID=313,跑者廣場、運動筆記,
2026-10-17,16:00,瘋神紀14道入趣 神獸盃公益路,臺北市,北部,臺北市文山區動物園,臺北市文山區新光路二段30號,10K / 5K / 3.5K,10K、10K以下,已截止,2026-05-13,2026-08-02,,700,,元太道堂/社團法人臺北市元太慈愛人文推廣協進會,https://lohasnet.tw/shenshourun2026/,跑者廣場、運動筆記,
2026-10-18,,115年第一屆 荷苞嶼鐵人趣味賽,嘉義縣,南部,,嘉義縣朴子市大葛里學府路二段,10.125K,10K,已截止,2026-09-22,2026-09-30,,,,嘉義縣健康生活館,,運動筆記,
2026-10-18,06:00,2026 POCARI SWEAT RUN 寶礦力路跑,臺北市,北部,臺北市中山區大佳河濱公園蛋型廣場,台北市中山區濱江街5號,21K / 10K / 4K / 線上組,10K、半馬、10K以下、線上,已截止,2026-06-01,2026-08-14,,400,,金車大塚股份有限公司/寶康行銷股份有限公司,https://bao-ming.com/eb/content/7013#33030,跑者廣場、運動筆記,
2026-10-18,06:30,2026 五峰越野,新竹縣,北部,新竹縣竹東鎮夢幻溪谷露營區,新竹縣竹東鎮上坪里,30K / 28K / 19.3K,10K、25-42K、越野,已截止,2026-05-27,2026-08-31,,,,臺灣龍虎鳳越野協會,https://bao-ming.com/eb/content/7044#32985,跑者廣場、運動筆記,
2026-10-18,06:00,2026 桃園市第六屆大觀盃 珍珠海岸超半程馬拉松,桃園市,北部,桃園市大園區竹圍漁港漁會大樓前廣場,桃園市大園區沙崙里漁港路353巷176號,25K / 8K / 5K,25-42K、10K以下,已截止,2026-05-21,2026-08-31,,600,,桃園市體育總會馬拉松委員會/桃園市政府體育局,https://bao-ming.com/eb/content/7047#32980,跑者廣場、運動筆記,
2026-10-18,07:00,2026 第三屆新竹五指山觀音媽馬拉松,新竹縣,北部,新竹縣竹東鎮五指山觀音寺,,42.195K / 22K / 21K / 12K / 6K,10K、全馬、半馬、10K以下,報名中,,2026-10-18,,,,五指山觀音寺/SPORTAIWAN,https://sportaiwan.com/activity/activity_desc.php?activity=191,跑者廣場,
2026-10-18,06:00,2026 臺中國際馬拉松-酷城市．酷運動 水岸花都,臺中市,中部,臺中市潭子區大明高中,臺中市潭子區聚興里潭興路一段168號,42.195K / 21K / 11K / 4K,10K、全馬、半馬、10K以下,已截止,2026-05-17,2026-08-23,,900,AIMS,臺中市政府運動局/社團法人臺中市繁榮葫蘆墩促進會,https://lohasnet.tw/Taichungmarathon2026/,跑者廣場、運動筆記,
2026-10-18,06:30,2026 臺東巴歌浪超鐵 Taitung Super 3,臺東縣,東部,臺東縣臺東市森林公園活水湖,,1.5K+40K+10K / 小鐵人,其他、鐵人,已截止,,,,,,臺東超級鐵人三項協會,https://bao-ming.com/eb/content/6842#32250,跑者廣場,
2026-10-18,06:30,臺東縣達仁鄉115年度縫迴山海祭路跑活動,臺東縣,東部,臺東縣達仁鄉南田海岸親水公園,臺東縣達仁鄉南田海岸親水公園,21K / 12K / 5K,10K、半馬、10K以下,已截止,2026-06-08,2026-09-01,,600,,臺東縣達仁鄉公所,https://fsurl.cc/261018LI/taipeimarathon,跑者廣場、運動筆記,
2026-10-18,06:00,高雄舒跑杯,高雄市,南部,高雄市前鎮區夢時代廣場,高雄市前鎮區中華五路789號,9.7K / 3K,10K、10K以下,已截止,2026-07-06,2026-09-11,,100,,維他露食品公司/維他露基金會,https://www.sportsnet.org.tw/20261018_web/,跑者廣場、運動筆記,
2026-10-21,18:30,最強市民飆5K－新北市5000公尺挑戰賽 十月場,新北市,北部,新北市板橋區第一運動場,新北市板橋區漢生東路278號,5K,10K以下,即將開報,2026-10-12,2026-10-18,,,,捷迅股份有限公司,http://esg.soonest.com/Home/Index,跑者廣場、運動筆記,
2026-10-24,06:30,2026 北埔膨風路跑嘉年華,新竹縣,北部,新竹縣北埔鄉俥亭停車場,新竹縣北埔鄉南興街146號,21K / 10K / 5K,10K、半馬、10K以下,已截止,,,,,,北埔鄉公所,https://bao-ming.com/eb/content/7046#33022,跑者廣場、運動筆記,
2026-10-24,06:30,2026 台糖公益路跑,臺南市,南部,臺南市柳營區尖山埤渡假村,台南市柳營區旭山里60號,21K / 11K / 3K,10K、半馬、10K以下,已截止,2026-06-17,2026-08-27,,500,,台灣糖業股份有限公司,https://ctrun.tw/TSC1024,跑者廣場、運動筆記,
2026-10-24,06:30,2026 濁水溪紫金馬拉松-高手名間站,南投縣,中部,南投縣名間鄉受天宮第二停車場,南投縣名間鄉松嶺街,21K / 11K / 6K,10K、半馬、10K以下,已截止,2026-08-06,2026-09-15,,600,,名間鄉公所,https://fsurl.cc/261024HY,跑者廣場、運動筆記,
2026-10-24,,2026新世紀福音戰士,臺北市,北部,,台北市萬華區青年路188巷1弄7號,2K,10K以下,報名中,,,,,,展通虹策略整合行銷股份有限公司,,運動筆記,
2026-10-25,06:10,2026 南投馬11th-草鞋墩馬拉松,南投縣,中部,南投縣草屯鎮九九峰氦氣球園區停車場,南投縣草屯鎮健行路152號,42.195K / 22K / 10K / 5K,10K、全馬、半馬、10K以下,已截止,2026-04-27,2026-07-31,,700,,南投縣馬拉松協會,https://www.ctrun.com.tw/Activity/?EventMain_ID=301&Article_ID=6214&VT=FCB5193FDA2F8BB92D6466D3DD327EAE,跑者廣場、運動筆記,
2026-10-25,,2026 海綿寶寶人生馬拉松-人生市場謎-臺中場,臺中市,中部,,台中市西屯區凱旋路,3.5K,10K以下,已截止,2026-06-08,2026-07-31,,,,,,運動筆記,
2026-10-25,06:00,2026 第1屆港灣郵輪半程馬拉松,高雄市,南部,高雄市高雄港16–18號碼頭廣場,高雄市苓雅區海邊路,21K / 10.5K / 6K,10K、半馬、10K以下,已截止,2026-07-30,2026-08-18,,580,,臺灣港務股份有限公司,https://ctrun.tw/KC1025,跑者廣場、運動筆記,
2026-10-25,06:30,2026 虎馬第八屆全國烤雞馬拉松,雲林縣,中部,雲林縣虎尾鎮建成路與站前東路交叉路口,雲林縣虎尾鎮站前東路301號,21K / 11K / 6K / 4K,10K、半馬、10K以下,已截止,2026-04-13,2026-09-18,,800,,雲林縣虎馬路跑協會,https://lohasnet.tw/Huma2026/,跑者廣場、運動筆記,
2026-10-25,05:10,2026 長榮航空馬拉松,臺北市,北部,臺北市中正區總統府前廣場,台北市中正區重慶南路一段122號,42.195K / 21.0975K / 10K / 3K,10K、全馬、半馬、10K以下,已截止,,,,600,AIMS,長榮航空,https://www.evaairrun.com/,跑者廣場、運動筆記,
2026-10-25,06:10,2026 龍崎文衡殿第三屆赤兔馬全國馬拉松,臺南市,南部,臺南市龍崎區文衡殿,台南市龍崎區中坑里中坑3-2號,42.195K / 21K / 10K / 5K,10K、全馬、半馬、10K以下,已截止,2026-06-01,2026-09-10,,750,,臺南市龍崎文衡殿,https://www.ctrun.com.tw/Activity?EventMain_ID=299,跑者廣場、運動筆記,
2026-10-25,,2026第17屆員林獅子盃親子公益路跑,彰化縣,中部,,彰化縣員林市員林大道四段369號,5K,10K以下,已截止,2026-06-15,2026-09-20,,350,,彰化縣員林獅子會,https://signup.lohasnet.tw/signup/4261,運動筆記,
2026-10-26,06:00,2026 華陀為高雄公益路跑,高雄市,南部,高雄市燕巢區國立高雄科技大學第一校區,高雄市燕巢區大學路1號,21K / 11K / 6K / 2K,10K、半馬、10K以下,已截止,2026-03-27,2026-09-12,,,,華陀扶元堂,https://bao-ming.com/eb/content/6913#32558,跑者廣場、運動筆記,
2026-10-31,,2026 IRONKIDS Taiwan 墾丁國際小鐵人三項賽,屏東縣,南部,屏東縣恆春鎮墾丁福華飯店,屏東縣恆春鎮墾丁路2號,1K+0.3K+2K / 0.7K+0.2K+1.2K,鐵人,待確認,,,,,,LAVA 鐵人公司,https://www.ironman.com/races/im703-kenting/ironkids,跑者廣場、運動筆記,
2026-10-31,,2026 壯圍秘境星光饗宴健走趣,宜蘭縣,北部,,宜蘭縣壯圍鄉壯濱路三段302號,4K,10K以下,已截止,2026-06-24,2026-10-01,,1180,,聯網國際資訊股份有限公司,https://www.eventpal.com.tw/FOAS/actions/OnlineApply.action?seqno=0bf7d35b-8b02-4d36-9c50-466b22af6f7e,運動筆記,
2026-10-31,14:00,2026 年第十二屆美麗佳人裙襬澎澎Run,新北市,北部,新北市三重區新北大都會水漾啵啵廣場,新北市三重區谷王里疏洪五路二段2761號,21K / 10K / 4K,10K、半馬、10K以下,已截止,2026-06-26,2026-09-20,,780,,南野子國際行銷股份有限公司,https://bao-ming.com/eb/content/7035#33185,跑者廣場、運動筆記,
2026-10-31,06:40,2026 新北市第12屆工安盃路跑,新北市,北部,新北市板橋區華江橋自行車租借站,新北市板橋區華江橋,10K / 3K,10K、10K以下,已截止,2026-06-26,2026-08-27,,300,,新北市政府勞工局,https://lohasnet.tw/LaborRun2026/,跑者廣場、運動筆記,
2026-10-31,,2026 清水馬拉松嘉年華,臺中市,中部,,臺中市清水區大街路206號,42.195K / 23K / 12K / 5K,10K、全馬、25-42K、10K以下,報名中,2026-05-04,2026-10-31,21,550,,議長張清照服務處 、 清水紫雲巖管理委員會 、 清水區賞鳥協會,https://signup.lohasnet.tw/signup/4228,運動筆記,
2026-10-31,06:00,2026 聯大八甲馬拉松,苗栗縣,中部,苗栗縣苗栗市國立聯合大學八甲校區,苗栗縣苗栗市南勢里聯大2號,42.195K / 21K / 10K / 5K,10K、全馬、半馬、10K以下,已截止,2026-06-15,2026-09-22,,700,,國立聯合大學/臺灣鐵人運動協會,https://bao-ming.com/eb/content/7087#33080,跑者廣場、運動筆記,
2026-10-31,17:00,2026 華航馬拉松-星光夜跑,臺北市,北部,臺北市中山區大佳河濱公園圓頂天幕廣場(十號水門),台北市中山區濱江街5號,21K / 10K / 6K,10K、半馬、10K以下,已截止,2026-04-21,2026-05-21,,800,AIMS,中華航空股份有限公司,https://irunner.biji.co/CIMarathon2026,跑者廣場、運動筆記,
2026-10-31,07:10,2026 風起台76・海野山共行馬拉松,彰化縣,中部,彰化縣埔鹽鄉新水四聖宮前廣場,彰化縣埔鹽鄉新水村四鄰5-18號,21K / 10K / 5K / 3K,10K、半馬、10K以下,已截止,2026-08-15,2026-09-07,,600,,交通部公路局北區公路新建工程分局,https://irunner.biji.co/Expressway76,跑者廣場、運動筆記,
2026-10-31,07:00,24小時不斷電公益路跑接力賽～為視多障孩子而跑,臺中市,中部,臺中市北屯區南興公園,,24H / 12H / 6H / 5Kx6,接力、計時賽,已截止,,,,,,臺灣視多障協會/盲人環臺為公益而跑協會,https://www.focusline.com.tw/261001JF,跑者廣場,
2026-10-31,06:00,第四屆水上UP半程馬拉松－一起看飛機趣,嘉義縣,南部,嘉義縣水上鄉北回國民小學,嘉義縣水上鄉三和村榮典路100號,21K / 10K / 5K,10K、半馬、10K以下,已截止,2026-06-11,2026-08-23,,800,,嘉義縣水上鄉公所,https://lohasnet.tw/Shuishang2026/,跑者廣場、運動筆記,
2026-11-01,,2026 IRONMAN 70.3 Kenting 墾丁國際鐵人三項賽,屏東縣,南部,屏東縣恆春鎮墾丁福華飯店,屏東縣恆春鎮墾丁路2號,1.9K+90K+21.1K,鐵人,待確認,,,,,,LAVA 鐵人公司,https://www.ironman.com/races/im703-kenting,跑者廣場、運動筆記,
2026-11-01,,2026 NB10K 城市路跑系列賽-台北站,臺北市,北部,,104臺北市中山區濱江街5號,10K,10K,已截止,2026-06-10,2026-06-17,,,,,,運動筆記,
2026-11-01,05:00,2026 八百壯士系列--制霸極西超馬賽,臺南市,南部,臺南市安南區正統鹿耳門聖母廟,台南市安南區城安路160號,102.5K / 51.7K,超馬,已截止,2025-10-01,2026-10-01,,,,TUR/臺灣龍虎鳳越野協會,https://www.beclass.com/rid=305011768b77fa2a9335,跑者廣場、運動筆記,
2026-11-01,06:00,2026 嘉義雙潭馬拉松菁英賽,嘉義市,南部,嘉義市立田徑場,嘉義市東區新開里體育路2號,42.195K / 21K,全馬、半馬,已截止,2026-06-16,2026-06-27,,1180,AIMS,嘉義市政府,https://ctrun.tw/CYE1101,跑者廣場、運動筆記,
2026-11-01,,2026 日月潭環湖馬拉松,南投縣,中部,南投縣魚池鄉日月潭向山遊客中心,南投縣魚池鄉中山路599號,42.195K / 29K / 6K,全馬、25-42K、10K以下,已截止,2026-01-23,2026-05-31,,,AIMS,中華運動生活協會,https://irunner.biji.co/sunmoonlakemarathon2026,跑者廣場、運動筆記,
2026-11-01,,2026 海綿寶寶人生馬拉松-人生市場謎-新北場,新北市,北部,,新北市二重疏洪道,4K,10K以下,已截止,2026-06-08,2026-07-31,,,,,,運動筆記,
2026-11-01,06:15,2026 濁水溪紫金馬拉松-虎康林內站,雲林縣,中部,雲林縣林內鄉公所,雲林縣林內鄉林中村中正路340號,42.195K / 21K / 10K / 5K,10K、全馬、半馬、10K以下,已截止,2026-07-15,2026-09-16,,600,,林內鄉公所,https://www.focusline.com.tw/261101LK?promo=taipeimarathon,跑者廣場、運動筆記,
2026-11-01,06:30,2026 義大醫療健康永續路跑暨第4屆全國醫學中心接力賽,高雄市,南部,高雄市岡山區典寶溪劉厝滯洪池,高雄市岡山區劉厝里,10K,10K,已截止,2026-08-21,2026-09-18,,600,,義大醫療財團法人義大醫院,https://bao-ming.com/eb/content/7178#33710,跑者廣場、運動筆記,
2026-11-01,06:00,2026 臺灣國家公園馬拉松-陽明山,臺北市,北部,臺北市北投區陽明山中山樓,臺北市北投區陽明路二段15號,42.195K / 21K / 5K,全馬、半馬、10K以下,已截止,2026-06-02,2026-08-31,,600,,中華民國路跑協會,https://www.sportsnet.org.tw/20261101_web/,跑者廣場、運動筆記,
2026-11-01,06:30,2026 菊島澎湖跨海馬拉松,澎湖縣,離島,澎湖縣西嶼鄉西臺遊客中心,澎湖縣西嶼鄉8811鄰1之15號,42.195K / 21K / 11K / 5K,10K、全馬、半馬、10K以下,已截止,2026-04-24,2026-08-11,,800,,交通部觀光署澎湖國家風景區管理處,https://bao-ming.com/eb/content/6984#32795,跑者廣場、運動筆記,
2026-11-01,06:30,跑吧！孩子 2026知本溫泉公益馬拉松,臺東縣,東部,臺東縣卑南鄉知本忠義堂前方廣場,臺東縣卑南鄉龍泉路32號,42.195K / 21K / 10K / 6K,10K、全馬、半馬、10K以下,已截止,2026-04-29,2026-09-11,,850,,臺東縣卑南鄉公所/臺東縣知本溫泉觀光發展促進協會,https://bao-ming.com/eb/content/6997#32841,跑者廣場、運動筆記,
2026-11-01,06:00,飛虎30週年友愛公益馬拉松,雲林縣,中部,雲林縣虎尾鎮縣立田徑場,雲林縣虎尾鎮永興路130號,42.195K / 21K / 10K / 5K,10K、全馬、半馬、10K以下,已截止,2026-04-22,2026-09-10,,600,,雲林縣飛虎常跑協會,https://www.focusline.com.tw/261101IN?promo=running.biji,跑者廣場、運動筆記,
2026-11-07,06:30,2026 Rotary RUN WITH YOU 扶輪國際兒童日半程及接力馬拉松,新竹市,北部,新竹市頭前溪左岸(頭前溪橋下),新竹市東區前溪里中華路一段2巷,21K / 10K / 3.5K / 21K接力,10K、半馬、接力、10K以下,已截止,2026-05-21,2026-09-30,,1100,,國際扶輪3501地區,https://irunner.biji.co/2026RotaryRUNWITHYOU,跑者廣場、運動筆記,
2026-11-07,06:00,2026 如來神掌100式,新北市,北部,新北市淡水區賢孝社區公園,新北市淡水區淡金公路五段20之22號,100K / 50K,超馬,已截止,2026-05-01,2026-05-31,,2625,,中華民國陸上運動競技協會/新北超馬王雅芬團隊,https://run247go.blogspot.com/2025/08/20251101-100.html?fbclid=IwY2xjawN4_cJleHRuA2FlbQIxMABicmlkETE3WEt1YXJJY0NWenNxdGlyc3J0YwZhcHBfaWQQMjIyMDM5MTc4ODIwMDg5MgABHk8uoUWVb6xpLYtuEwpPf_yw-VyOdFGZgOi7UEi16VoqjM0QKNHhI3ddtYH2_aem_BSs-_ygCHZubHUtaYJ5xHQ,跑者廣場、運動筆記,
2026-11-07,07:00,2026 愛在幼安公益路跑,苗栗縣,中部,苗栗縣苗栗市幼安教養院,苗栗縣苗栗市新英里17鄰新英105號,7.2K / 5.4K,10K以下,已截止,2026-06-09,2026-09-30,,700,,財團法人苗栗縣私立幼安教養院,https://www.focusline.com.tw/261107KZ/3566,跑者廣場、運動筆記,
2026-11-07,06:40,2026 第十ㄧ屆馬祖馬拉松,連江縣,離島,連江縣南竿鄉福澳運動場,,42.195K / 21K / 10K / 5K,10K、全馬、半馬、10K以下,已截止,,,,,,連江縣政府/交通部觀光署馬祖國家風景區管理處,https://bao-ming.com/eb/content/7137#33336,跑者廣場,
2026-11-07,,2026年第七屆＜農禪寺水月禪跑＞,臺北市,北部,,台北市北投區大業路65巷89號,1.8H,其他,報名中,2026-08-01,2026-10-18,7,,,農禪寺,https://webreg.ddm.org.tw/webreg/Client/WebRegNote?lang=zh-TW&s_no=A202600474,運動筆記,
2026-11-07,07:00,東豐快路跑嘉年華,臺中市,中部,臺中市東勢區河濱公園,臺中市東勢區東關路七段,21K / 10K / 5K,10K、半馬、10K以下,已截止,2026-07-01,2026-08-31,,1000,,臺中市政府運動局/臺中市政府建設局,https://lohasnet.tw/DongfengRun2026/,跑者廣場、運動筆記,
2026-11-08,08:00,2026 SKY HUNTER 士林越野,臺北市,北部,臺北市士林區東吳大學,台北市士林區臨溪路70號,50K / 24K / 8K / 3K,25-42K、10K以下、越野、超馬,已截止,2026-05-25,2026-10-01,,,,中華民國越野跑協會,https://bao-ming.com/eb/content/7050#33006,跑者廣場、運動筆記,
2026-11-08,,2026 Taiwan Extreme Super Triathlon,臺南市,南部,,臺南市南區竹溪里健康路一段269號,240H / 120H / 100K / 72H / 48H / 24H / 17H,計時賽、超馬,報名中,2026-06-29,2026-10-15,5,,,中華民國全能運動協會 、 台南市早起鳥路跑協會,https://www.focusline.com.tw/261108HP/personal,運動筆記,
2026-11-08,06:00,2026 ZEPRO RUN 全國半程馬拉松-新竹場,新竹縣,北部,新竹縣竹北市縣立體育場,新竹縣竹北市福興東路一段1號,21K / 10K / 5.5K,10K、半馬、10K以下,已截止,2026-04-29,2026-06-18,,,,全統運動用品股份有限公司,http://ctrun.tw/ZP1108,跑者廣場、運動筆記,
2026-11-08,06:20,2026 台灣米倉田中馬拉松,彰化縣,中部,彰化縣田中鎮景崧文化教育園區,彰化縣田中鎮中州路一段416號,42.195K / 21.2K / 9.7K / 4K,10K、全馬、半馬、10K以下,已截止,2026-06-03,2026-06-15,,,AIMS,中華民國舒康樂活運動協會,https://irunner.biji.co/Tianzhong2026,跑者廣場、運動筆記,
2026-11-08,06:00,2026 屏東馬拉松,屏東縣,南部,屏東縣屏東市縣立體育館草皮,屏東縣屏東市縣立田徑場,42.195K / 21K / 11K / 5K,10K、全馬、半馬、10K以下,已截止,,,,,,屏東縣政府,https://ctrun.tw/PT1108,跑者廣場、運動筆記,
2026-11-08,,2026 海綿寶寶人生馬拉松-人生市場謎-高雄場,高雄市,南部,,高雄市楠梓區世運大道,1.9K,10K以下,已截止,2026-06-08,2026-07-31,,,,,,運動筆記,
2026-11-08,06:15,2026 第十屆板橋馬拉松路跑賽(秋季普查),新北市,北部,新北市板橋區浮洲橋下堤外自行車道,新北市板橋區環河路,42.195K / 21K / 10K / 5K,10K、全馬、半馬、10K以下,已截止,2026-04-10,2026-09-01,,700,,新北市越野長跑協會,https://lohasnet.tw/Banqiao2026/,跑者廣場、運動筆記,
2026-11-08,06:30,2026 臺灣極限超級鐵人推廣路跑,臺南市,南部,臺南市安南區土城正統鹿耳門聖母廟,臺南市安南區城東里城安路160號,12K / 5K,10K、10K以下,已截止,2026-06-15,2026-09-10,,700,,臺南市早起鳥路跑協會/中華民國全能運動協會,https://www.joinnow.com.tw/about.php?cnt_id=142&type=1,跑者廣場、運動筆記,
2026-11-08,18:00,2026 臺灣極限超級鐵人賽,臺南市,南部,臺南市安南區市立游泳池,,3.8K+180K+42.195K,鐵人,報名中,2026-06-29,2026-10-15,,,,中華民國全能運動協會/臺南市早起鳥路跑協會,https://www.focusline.com.tw/261108HP?promo=lihi,跑者廣場,
2026-11-08,,泳渡虎頭埤x 168路跑,臺南市,南部,,臺南市新化區中興路42巷36號,8.3K / 6.3K / 3.5K / 2K,10K以下,已截止,2026-08-30,2026-09-30,,,,,,運動筆記,
2026-11-08,06:10,臺中舒跑杯,臺中市,中部,臺中市西屯區市政府前廣場,臺中市西屯區臺灣大道三段99號,9K / 5K / 3K,10K、10K以下,已截止,2026-07-31,2026-10-06,,100,,維他露食品公司/維他露基金會,,跑者廣場、運動筆記,沒有報名連結
2026-11-08,,財政部115年統一發票盃路跑臺北場活動-休閒組(3km),臺北市,北部,,台北市中山區濱江街5號,3K,10K以下,報名中,2026-07-21,2026-10-31,21,,,財政部 、 第一金融控股股份有限公司,https://irunner.biji.co/2026-2mofrun03k?page=5379,運動筆記,
2026-11-08,05:30,財政部115年統一發票盃路跑臺北場活動競賽組,臺北市,北部,臺北市中正區總統府前凱達格蘭大道,台北市中正區重慶南路一段122號,21K / 10K / 3K,10K、半馬、10K以下,已截止,2026-07-21,2026-08-20,,200,,財政部/第一金融控股股份有限公司,https://irunner.biji.co/2026-2mofrun10k-21k,跑者廣場、運動筆記,
2026-11-14,05:00,115 年臺中市體育總會理事長盃北區路跑嘉年華,臺中市,中部,臺中市北屯區廍子公園,臺中市北屯區廍子路418號,52.8K / 42.4K / 31.6K / 21.2K / 10.4K / 6.4K,10K、半馬、25-42K、10K以下、超馬,報名中,2026-08-19,2026-10-24,14,500,,臺中市政府運動局/臺中市體育總會,https://bao-ming.com/eb/content/7180#33684,跑者廣場、運動筆記,
2026-11-14,17:00,2026 SUPERACE 黑馬半程馬拉松,臺北市,北部,臺北市中山區大佳河濱公園,台北市中山區濱江街5號,21K / 10K / 4K,10K、半馬、10K以下,已截止,2026-04-27,2026-09-30,,750,,SUPERACE/社團法人台灣體育運動競技協會,https://bao-ming.com/eb/content/6995#32808,跑者廣場、運動筆記,
2026-11-14,06:30,2026 冬山河馬拉松,宜蘭縣,北部,宜蘭縣冬山鄉冬山火車站,宜蘭縣冬山鄉中正路1號冬山火車站,42.195K / 21K / 10K / 5K,10K、全馬、半馬、10K以下,快截止,2026-01-30,2026-10-10,0,550,,影流文創 SporTaiwan,https://sportaiwan.com/activity/activity_desc.php?activity=180,跑者廣場、運動筆記,
2026-11-14,06:00,2026 竹北半城路跑,新竹縣,北部,新竹縣竹北市夜市廣場,新竹縣竹北市環北路五段,21K / 12K / 4K / 1K,10K、半馬、10K以下,已截止,2026-07-28,2026-09-11,,680,measured,新竹縣竹北市公所,https://irunner.biji.co/2026ZhubeiCityHalfMarathon,跑者廣場、運動筆記,
2026-11-15,06:00,2026 ZEPRO RUN 全國半程馬拉松-臺南場,臺南市,南部,臺南市安平區觀夕平台停車場,臺南市安平區漁濱路,21K / 10K / 3.5K,10K、半馬、10K以下,已截止,2026-04-23,2026-06-04,,,,全統運動用品股份有限公司,http://ctrun.tw/ZP1115,跑者廣場、運動筆記,
2026-11-15,,2026 國聚慵懶跑者聚樂部,臺中市,中部,臺中市西屯區中央球場,中市西屯區凱旋路與凱旋七街路口,10K / 5K,10K、10K以下,已截止,2026-06-23,2026-09-10,,,,,,跑者廣場、運動筆記,沒有報名連結
2026-11-15,06:00,2026 屏東墾丁日本航空國際馬拉松,屏東縣,南部,屏東縣恆春鎮墾丁大灣遊憩區,屏東縣恆春鎮墾丁路文化巷51號,42.195K / 21K / 12K / 4K,10K、全馬、半馬、10K以下,已截止,2026-06-12,2026-09-30,,850,,屏東縣政府,https://bao-ming.com/eb/content/7073#33083,跑者廣場、運動筆記,
2026-11-15,06:45,2026 第十二屆電器盃節能公益路跑,臺北市,北部,臺北市中山區美堤碼頭廣場,臺北市中山區美堤碼頭,21K / 10K / 4K,10K、半馬、10K以下,報名中,2026-06-10,2026-10-15,5,990,,臺北市電器商業同業公會,https://lohasnet.tw/Dianqi2026/,跑者廣場、運動筆記,
2026-11-15,07:00,2026 蘆洲觀音山馬拉松,新北市,北部,新北市蘆洲區微風運河廣場,新北市蘆洲區二重疏洪道,42.195K / 21K / 10K / 4K,10K、全馬、半馬、10K以下,已截止,2026-04-30,2026-09-30,,,,蘆洲區體育會/蘆洲慢跑,https://bao-ming.com/eb/content/7012#32850,跑者廣場、運動筆記,
2026-11-15,06:15,2026 鹿港馬拉松,彰化縣,中部,彰化縣鹿港鎮立體育場,彰化縣鹿港鎮中正路531號,42.195K / 21K / 10K / 5K,10K、全馬、半馬、10K以下,已截止,2026-06-15,2026-09-30,,800,,彰化縣二鹿慢跑協會,https://lohasnet.tw/Lukang2026/,跑者廣場、運動筆記,
2026-11-18,18:30,最強市民飆5K－新北市5000公尺挑戰賽 十一月場,新北市,北部,新北市板橋區第一運動場,新北市板橋區漢生東路278號,5K,10K以下,即將開報,2026-11-09,2026-11-15,,,,捷迅股份有限公司,http://esg.soonest.com/Home/Index,跑者廣場、運動筆記,
2026-11-20,21:00,2026 宜蘭冬山河超級馬拉松,宜蘭縣,北部,宜蘭縣五結鄉親水公園,宜蘭縣五結鄉親河路二段2號,100miles / 100K / 50miles / 50K / 44K / 22K / 11K,10K、半馬、超馬,報名中,2026-04-23,2026-10-19,,,measured,社團法人中華民國超級馬拉松運動協會,https://www.ctau.org.tw/news/2026-11-20-21-%e5%ae%9c%e8%98%ad%e5%86%ac%e5%b1%b1%e6%b2%b3%e8%b6%85%e7%b4%9a%e9%a6%ac%e6%8b%89%e6%9d%be/,跑者廣場、運動筆記,報名截止日兩邊不同：跑者廣場 2026-10-19、運動筆記 2026-09-19
2026-11-21,07:00,2026 六堆客庄巡禮走相逐,屏東縣,南部,屏東縣內埔鄉六堆客家文化園區,屏東縣內埔鄉信義路588號,21K / 10K / 6K,10K、半馬、10K以下,已截止,2026-08-17,2026-09-20,,400,,客家委員會客家文化發展中心,https://www.joinnow.com.tw/about.php?cnt_id=146&type=1,跑者廣場、運動筆記,
2026-11-21,06:30,2026 北港媽祖盃全國馬拉松,雲林縣,中部,雲林縣北港鎮北港溪畔河堤停車場,,42.195K / 21K / 10K / 5K,10K、全馬、半馬、10K以下,已截止,,,,,,財團法人北港朝天宮,https://irunner.biji.co/MotherMarathon2026,跑者廣場,
2026-11-21,06:00,2026 年東石全國馬拉松,嘉義縣,南部,嘉義縣東石鄉漁人碼頭,嘉義縣東石鄉彩霞大道420號,42.195K / 21K / 10K / 5K,10K、全馬、半馬、10K以下,報名中,2026-02-01,2026-10-20,10,1100,,蔡良闊慈善會,https://bao-ming.com/eb/content/6898#32425,跑者廣場、運動筆記,
2026-11-21,,7th CRUFU RUN 夸父追日跨夜接力賽-金門站,金門縣,離島,金門縣金沙鎮林務所,,124K / 61K,超馬,待確認,,,,,,司格特國際運動行銷有限公司,,跑者廣場,沒有報名連結
2026-11-21,06:20,國立臺灣體育運動大學第34屆駱駝盃路跑賽,臺中市,中部,臺中市北區國立臺灣體育運動大學田徑場,,21K / 21K接力,半馬、接力,報名中,,2026-10-23,,600,,國立臺灣體育運動大學,https://bao-ming.com/eb/content/7016#32884,跑者廣場,
2026-11-22,05:30,2026 NS RUN 南山人壽半程馬拉松,臺北市,北部,臺北市中正區總統府前廣場,台北市中正區重慶南路一段122號,21K / 10K / 3K,10K、半馬、10K以下,已截止,2026-05-05,2026-09-14,,600,AIMS,中華民國路跑協會,https://nanshanrun.com/,跑者廣場、運動筆記,
2026-11-22,06:00,2026 桃園落羽松秘境馬拉松,桃園市,北部,桃園市中壢區龍岡森林公園,桃園市中壢區龍慈路,42.195K / 21K / 11K / 5K,10K、全馬、半馬、10K以下,已截止,2026-05-20,2026-07-27,,600,,雙連長跑協會,https://www.ctrun.com.tw/Activity?EventMain_ID=318,跑者廣場、運動筆記,
2026-11-22,06:00,2026 萬丹紅豆公益馬拉松,屏東縣,南部,屏東縣萬丹鄉農會果菜市場,屏東縣萬丹鄉和平西路258號,42.195K / 21K / 10K / 5K,10K、全馬、半馬、10K以下,已截止,2026-02-05,2026-03-29,,,,中華民國全能運動協會,https://fsurl.cc/261122IK,跑者廣場、運動筆記,
2026-11-22,06:00,2026 跑出金虎爺全國路跑賽,嘉義縣,南部,嘉義縣新港鄉奉天宮,嘉義縣新港鄉新民路53號,12.5K / 5K,10K、10K以下,已截止,2026-06-18,2026-08-31,,300,,財團法人嘉義縣新港奉天宮,https://lohasnet.tw/GoldenTiger2026/,跑者廣場、運動筆記,
2026-11-29,,2026 Garmin Run 馬拉松系列賽 - 臺北站,臺北市,北部,,台北市中山區濱江街,21K / 10K / 5K,10K、半馬、10K以下,已截止,2026-05-27,2026-06-23,,,,,,運動筆記,
2026-11-29,06:00,2026 第14屆臺南秋季馬拉松,臺南市,南部,臺南市安南區北汕尾鹿耳門天后宮,臺南市安南區媽祖宮一街136號,42.195K / 21K / 13K / 6K,10K、全馬、半馬、10K以下,報名中,2026-04-24,2026-10-15,5,1000,,光圈整合行銷有限公司,https://bao-ming.com/eb/content/6989#32821,跑者廣場、運動筆記,
2026-12-05,,2026 LAVA KIDS 大鵬灣小鐵人賽,屏東縣,南部,屏東縣東港鎮大鵬灣,屏東縣東港鎮大鵬灣環灣道路,0.2K+5K+2K / 0.1K+5K+1.2K,鐵人,已截止,2026-07-23,2026-10-04,,,,交通部觀光署大鵬灣國家風景區管理處/台灣耐力運動協會,https://bao-ming.com/eb/content/7144#33400,跑者廣場、運動筆記,
2026-12-05,,2026 LAVA 大鵬灣暨115學年度鐵人三項甄試賽,屏東縣,南部,屏東縣東港鎮大鵬灣,,0.3K+10K+2K / 0.75K+22K+5K,鐵人,待確認,,,,,,交通部觀光署大鵬灣國家風景區管理處/中華民國鐵人三項運動協會,https://bao-ming.com/eb/content/7145#33404,跑者廣場,
2026-12-05,04:00,2026 八百壯士系列--制霸浸水營超馬賽,屏東縣,南部,屏東縣枋寮鄉枋寮火車站,屏東縣枋寮鄉,115.1K / 62K / 53.1K,超馬,報名中,2025-10-01,2026-11-05,26,1300,,TUR/臺灣龍虎鳳越野協會,https://www.beclass.com/rid=305011768b783100e0a5,跑者廣場、運動筆記,報名開始日兩邊不同：跑者廣場 2026-10-01、運動筆記 2025-10-01
2026-12-05,06:00,2026 第二屆核泰皮拉提斯馬拉松,臺中市,中部,臺中市清水區頂湳玉聖寺,臺中市清水區頂湳里頂湳路73號,51K / 42.2K / 32.6K / 23.8K / 8.2K / 5.4K / 5.4Kx4,全馬、25-42K、接力、10K以下、超馬,報名中,2026-06-01,2026-11-07,28,750,,核立子身心技法創研社,https://www.focusline.com.tw/261205LG,跑者廣場、運動筆記,
2026-12-05,08:00,2026 第五屆台大土木盃~校園之美路跑,臺北市,北部,臺北市⼤安區臺大田徑場,臺北市⼤安區羅斯福路四段⼀號,21.2K / 10.6K / 5.3K / 5.3Kx4,10K、半馬、接力、10K以下,已截止,2026-04-25,2026-09-30,,,,臺大土木校友聯誼會/台大土木文教基金會,https://bao-ming.com/2026NTUCECUP,跑者廣場、運動筆記,
2026-12-06,,2026 LEXUS LAVA 大鵬灣鐵人賽,屏東縣,南部,屏東縣東港鎮大鵬灣,屏東縣東港鎮大鵬灣環灣道路,1.5K+40K+10K / 0.3K+40K+10K / 0.3K+22K+7.5K,鐵人,已截止,2026-07-23,2026-10-04,,,,交通部觀光署大鵬灣國家風景區管理處/台灣耐力運動協會,https://bao-ming.com/eb/content/7135#33388,跑者廣場、運動筆記,
2026-12-06,,2026 OPEN! RUN,高雄市,南部,高雄市前鎮區夢時代,高雄市前鎮區中華五路789號,11K / 3K,10K、10K以下,待確認,,,,,,統一超商股份有限公司,,跑者廣場、運動筆記,沒有報名連結
2026-12-06,,2026 ZEPRO RUN 全國半程馬拉松-臺北場,臺北市,北部,臺北市中山區大佳河濱公園,台北市中山區大佳河濱公園,21K / 10K / 4K,10K、半馬、10K以下,已截止,2026-06-25,2026-08-13,,,,全統運動用品股份有限公司,https://ctrun.tw/ZPTP1206,跑者廣場、運動筆記,
2026-12-06,06:30,2026 三星安農溪馬拉松嘉年華,宜蘭縣,北部,宜蘭縣三星鄉綜合運動場,宜蘭縣三星鄉星中路500巷16號,42.195K / 21K / 10K / 5K,10K、全馬、半馬、10K以下,快截止,2026-05-28,2026-10-11,1,600,,三星鄉公所,https://bao-ming.com/eb/content/7051#33010,跑者廣場、運動筆記,
2026-12-06,05:30,2026 新北市耶誕馬拉松接力賽-耶誕快追,新北市,北部,新北市板橋區市民廣場,新北市板橋區中山路一段161號,24.7K,25-42K,已截止,2026-07-09,2026-09-22,,3000,,新北市政府觀光旅遊局,https://www.ctrun.com.tw/Activity?EventMain_ID=352,跑者廣場、運動筆記,
2026-12-06,05:50,2026 新竹城市馬拉松,新竹市,北部,新竹市樹林頭公園,新竹市北區大雅路,42.195K / 21K / 9K / 4K,10K、全馬、半馬、10K以下,已截止,2026-05-30,2026-08-31,,,AIMS,新竹市政府/永悅健康股份有限公司,https://irunner.biji.co/HSINCHUCITY2026,跑者廣場、運動筆記,
2026-12-06,06:30,2026 桃園半程馬拉松 石門水庫楓半馬,桃園市,北部,桃園市大溪區石門水庫南苑停車場,桃園市大溪區義和里環湖路1-10號,21.0975K / 10K / 5K,10K、半馬、10K以下,已截止,2026-06-26,2026-09-25,,400,,桃園市政府體育局,https://bao-ming.com/eb/content/7084#33179,跑者廣場、運動筆記,
2026-12-06,06:00,2026 第二屆麗晨臺中國際馬拉松,臺中市,中部,臺中市西屯區中央公園,臺中市西屯區中科路2966號,42.195K / 21.0975K / 10K / 5K,10K、全馬、半馬、10K以下,已截止,2026-05-15,2026-07-15,,,AIMS,麗晨建設/臺灣大腳丫長跑恊會,https://irunner.biji.co/2026-2livetruemarathon,跑者廣場、運動筆記,
2026-12-06,06:30,2026 第八屆故宮南院馬拉松,嘉義縣,南部,嘉義縣太保市國立故宮博物院南部院區北側慶典花園旁,嘉義縣太保市故宮大道888號,42.195K / 21K / 10.7K / 7K / 3K,10K、全馬、半馬、10K以下,已截止,2026-06-16,2026-08-31,,800,,臺灣路跑賽會服務協會,https://lohasnet.tw/SouthNPM2026/,跑者廣場、運動筆記,
2026-12-06,06:00,2026 虎頭埤168半程馬拉松,臺南市,南部,臺南市新化區虎頭埤風景區,,21K / 10K / 3K,10K、半馬、10K以下,待確認,,,,,,臺南市168產業觀光發展協會/臺南市西拉雅觀光產業協會,,跑者廣場,沒有報名連結
2026-12-12,,2026 tigerrun,臺北市,北部,,臺北市中山區新庄里濱江街5號,10K / 3.5K,10K、10K以下,已截止,2026-05-27,2026-08-03,,,,,,運動筆記,
2026-12-12,06:00,2026 清水馬拉松嘉年華,臺中市,中部,臺中市清水區紫雲巖廣場,,42.195K / 23K / 12K / 4K,10K、全馬、25-42K、10K以下,報名中,2026-05-04,2026-10-31,,,,議長張清照服務處/清水紫雲巖管理委員會,https://lohasnet.tw/QingshuiCarnaval2026/,跑者廣場,
2026-12-12,06:20,2026 礁溪溫泉馬拉松,宜蘭縣,北部,宜蘭縣礁溪鄉礁溪國小,宜蘭縣礁溪鄉礁溪路四段135號,42.195K / 21K / 10K / 3K,10K、全馬、半馬、10K以下,已截止,2026-06-02,2026-08-31,,,,宜蘭縣礁溪鄉公所/宜蘭縣礁溪鄉民代表會,https://irunner.biji.co/2026jiaoxihotspring,跑者廣場、運動筆記,
2026-12-12,07:00,2026 義竹修緣禪寺-第三屆濟公盃路跑賽,嘉義縣,南部,嘉義縣義竹修緣禪寺,嘉義縣義竹鄉六桂村245之10號,11K / 5K / 3.6K,10K、10K以下,快截止,2026-09-11,2026-10-11,1,350,,嘉義縣義竹修緣禪寺,https://lohasnet.tw/YizhuJiGongRun2026/,跑者廣場、運動筆記,
2026-12-12,05:00,2026 臺灣動感亞洲50,桃園市,北部,桃園市大溪區石門水庫,,50K / 26K / 12K,10K、25-42K、超馬,報名中,2026-08-09,2026-11-20,,,,動感亞洲活動,https://actionasiaevents.com/zh/2026-taiwan-action-asia-50-shihmen-reservoir/,跑者廣場,
2026-12-13,07:20,2026 感恩公益馬拉,新北市,北部,新北市鶯歌區三鶯河濱公園,,42.195K / 21K / 10K / 5K,10K、全馬、半馬、10K以下,報名中,,2026-11-15,,,,影流文創/SPORTAIWAN,https://sportaiwan.com/activity/activity_desc.php?activity=185,跑者廣場,
2026-12-13,06:00,2026 母子鱷魚40週年-突破前行馬拉松,臺中市,中部,臺中市后里區花博花舞館對面廣場,台中市后里區馬場路18號,42.195K / 21K / 13K / 5K,10K、全馬、半馬、10K以下,快截止,2026-06-05,2026-10-11,1,900,,德成鞋業集團,https://lohasnet.tw/BNM40thMarathon2026/,跑者廣場、運動筆記,
2026-12-13,05:30,2026 濁水溪紫金馬拉松-花城竹山站,南投縣,中部,南投縣竹山鎮公所 (557南投縣竹山鎮雲林里公所路100號),南投縣竹山鎮雲林里公所路100號,21K / 10K / 5K,10K、半馬、10K以下,待確認,,,,,,竹山鎮公所,https://fsurl.cc/261213HW/taipeimarathon,跑者廣場、運動筆記,
2026-12-13,07:00,2026 第43屆曾文水庫馬拉松,臺南市,南部,臺南市楠西區經濟部水利署南區水資源分署曾文水庫,臺南市楠西區密枝里70號,42.195K / 21.3K / 12K / 3K,10K、全馬、半馬、10K以下,已截止,2026-06-30,2026-10-02,,500,AIMS,臺南市政府/中華民國田徑協會,https://bao-ming.com/eb/content/7065#33155,跑者廣場、運動筆記,
2026-12-13,06:20,2026 第一屆淡水河正念悠遊跑路跑賽,新北市,北部,新北市蘆洲區成蘆橋下,,10K / 5K,10K、10K以下,報名中,,2026-11-13,,1000,,正念悠遊跑推廣團隊,https://bao-ming.com/eb/content/7207#33858,跑者廣場,
2026-12-13,06:30,2026 通霄粉紅超跑馬拉松,苗栗縣,中部,苗栗縣通霄鎮海水浴場,苗栗縣通霄鎮通西里海濱路41-1號,42.195K / 23K / 12K / 4.5K,10K、全馬、25-42K、10K以下,已截止,2026-07-08,2026-10-01,,800,,苗栗縣通霄慢跑協會,https://lohasnet.tw/Tongxiao2026/,跑者廣場、運動筆記,
2026-12-13,06:00,2026 高雄港都國際半程馬拉松,高雄市,南部,高雄市橋頭區橋頭公七公園,高雄市橋頭區新中一街,21K / 10K / 3K,10K、半馬、10K以下,已截止,2026-06-30,2026-07-30,,1080,,全統運動用品股份有限公司,https://ctrun.tw/MZ261213,跑者廣場、運動筆記,
2026-12-13,05:00,【傘耀十二，圓滿美濃】 2026 第 12 屆美濃馬拉松,高雄市,南部,高雄市美濃區龍肚小學,高雄市美濃區龍東街43號,45K,超馬,已截止,2026-05-10,2026-05-31,,1600,,高雄市美濃超級馬拉松協會,https://www.joinnow.com.tw/about.php?cnt_id=137&type=1,跑者廣場、運動筆記,
2026-12-13,06:30,第四屆國姓鹿跑—四鹿尋境・漫跑國姓,南投縣,中部,南投縣國姓鄉楞嚴宮,南投縣國姓鄉大長路592-1號,42.195K / 23K / 13K / 4.5K,10K、全馬、25-42K、10K以下,報名中,2026-09-04,2026-10-31,21,700,,南投縣觀光產業聯盟協會,https://irunner.biji.co/2026Guomatathon,跑者廣場、運動筆記,
2026-12-16,18:30,最強市民飆5K－新北市5000公尺挑戰賽 十二月場,新北市,北部,新北市板橋區第一運動場,新北市板橋區漢生東路278號,5K,10K以下,即將開報,2026-12-07,2026-12-13,,,,捷迅股份有限公司,http://esg.soonest.com/Home/Index,跑者廣場、運動筆記,
2026-12-17,15:00,第十三屆赤足(BAREFOOT)馬拉松完成賽,雲林縣,中部,雲林縣虎尾鎮國立虎尾科技大學,,42.195K,全馬,報名中,,2026-12-03,,,,國立虎尾科技大學體育室,https://docs.google.com/document/d/1SGoC2ZeKTGgzPZVbL6aTQAXk7dQbZn7T/edit?usp=sharing&ouid=110764794774391593445&rtpof=true&sd=true,跑者廣場,
2026-12-19,09:00,2026 Miaoli Fun Young！跑酷越野障礙賽,苗栗縣,中部,苗栗縣通霄鎮飛牛牧場,,12K / 3K,10K、10K以下、越野,報名中,2026-09-09,2026-11-08,,600,,苗栗縣政府,https://bao-ming.com/eb/content/7204#reg,跑者廣場,
2026-12-19,07:30,2026 北宜公路超級馬拉松,新北市,北部,新北市新店區新店國小,新北市新店區新店路2號,55K / 27K / 8K,25-42K、10K以下、超馬,報名中,2026-04-17,2026-11-18,39,,,社團法人中華民國超級馬拉松運動協會,https://www.ctau.org.tw/news/2026-12-19-%e5%8c%97%e5%ae%9c%e5%85%ac%e8%b7%af%e8%b6%85%e7%b4%9a%e9%a6%ac%e6%8b%89%e6%9d%be/,跑者廣場、運動筆記,
2026-12-19,06:30,2026 歲次丙午年順澤宮第四屆冠軍路跑－順風啟程 • 澤福同行 • 謝平安,彰化縣,中部,彰化縣埔鹽鄉順澤宮,彰化縣鹽埔鄉中正路55號,42.195K / 21K / 10K / 3.5K,10K、全馬、半馬、10K以下,快截止,2026-06-18,2026-10-11,1,700,,埔鹽順澤宮,https://lohasnet.tw/ShunzeRun2026/,跑者廣場、運動筆記,
2026-12-19,06:30,2026 第二屆食安盃馬拉松,臺中市,中部,臺中市西屯區中央公園–中央球場,臺中市西屯區凱旋路,42.195K / 21K / 10K / 5K,10K、全馬、半馬、10K以下,已截止,,,,800,,社團法人中華食品安全管制系統發展協會/臺灣大腳丫長跑協會,https://irunner.biji.co/2026Foodsafetymarathon,跑者廣場、運動筆記,
2026-12-19,06:00,2026 臺北馬拉松-耶誕歡樂早餐跑,臺北市,北部,臺北市信義區市民廣場,台北市信義區松壽路1號,9K / 3K,10K、10K以下,報名中,2026-06-22,2026-10-19,9,650,,臺北市政府/中華民國路跑協會,https://www.taipeicitymarathon.com/breakfastrun.php,跑者廣場、運動筆記,
2026-12-20,06:30,2026 南華30 南華盃-遇見Darling城堡馬拉松,嘉義縣,南部,嘉義縣大林鎮三好教育園區南華大學田徑場,嘉義縣大林鎮中坑里南華路一段55號,42.195K / 21K / 14K / 8K / 3K,10K、全馬、半馬、10K以下,報名中,2026-08-31,2026-10-20,10,800,,南華大學/大林鎮公所,https://lohasnet.tw/NanhuaMarathon2026/,跑者廣場、運動筆記,報名開始日兩邊不同：跑者廣場 2026-08-18、運動筆記 2026-08-31
2026-12-20,06:00,2026 南鯤鯓馬拉松,臺南市,南部,臺南市北門區南鯤鯓代天府,台南市北門區鯤江村976 號,42.195K / 21.0975K / 10K / 5K,10K、全馬、半馬、10K以下,報名中,2026-05-06,2026-11-08,29,450,,府城國際超級馬拉松協會,https://bao-ming.com/eb/content/7025#32878,跑者廣場、運動筆記,
2026-12-20,06:30,2026 臺北馬拉松,臺北市,北部,臺北市信義區臺北市政府,台北市信義區松壽路1號,42.195K / 21.0975K,全馬、半馬,已截止,2026-03-22,2026-07-02,,1600,AIMS、IAAF、measured,臺北市政府,https://www.taipeicitymarathon.com/,跑者廣場、運動筆記,報名開始日兩邊不同：跑者廣場 2026-06-22、運動筆記 2026-03-22
2026-12-20,06:00,2026 臺南府城國際半程馬拉松,臺南市,南部,臺南市安南區正統鹿耳門聖母廟停車場,臺南市安南區城安路160號,21K / 10K / 5K,10K、半馬、10K以下,已截止,,,,1080,,全統運動用品股份有限公司,https://ctrun.tw/MZ261220,跑者廣場、運動筆記,
2026-12-25,,2026 Drink SPORT Run好野吧調酒路跑,臺北市,北部,,臺北市中山區新庄里濱江街5號,10K,10K,報名中,2026-07-01,2026-11-22,43,,,,https://bao-ming.com/eb/content/7110#reg,運動筆記,
2026-12-26,06:00,2026 鄉鎮之美公益馬拉松—臺中后里場,臺中市,中部,臺中市后里區車站東站,臺中市后里區圳寮路99巷,48.6K / 44K / 31.8K / 22K / 9.8K / 4.6K,10K、半馬、25-42K、10K以下、超馬,報名中,2026-08-06,2026-12-05,56,750,,臺灣鄉鎮之美公益協會,https://www.focusline.com.tw/261226IA,跑者廣場、運動筆記,
2026-12-26,07:00,2026 高雄捷運蜜柑站長耶誕公益主題路跑,高雄市,南部,高雄市鼓山區棧貳庫廣場,高雄市鼓山區麗興里蓬萊路,10K / 4K / 2K,10K、10K以下,報名中,2026-10-02,2026-10-31,21,988,,高雄捷運股份有限公司,https://www.joinnow.com.tw/2026Mikanrun#b9-1,跑者廣場、運動筆記,
2026-12-27,,2026 LAVA QUEEN 臺北女子二鐵賽,臺北市,北部,臺北市士林區至善國中,台北市士林區至善路二段360號,3K+20K+5K,鐵人,報名中,2026-07-28,2026-10-30,20,,,LAVA 鐵人公司,https://bao-ming.com/eb/content/7151#33426,跑者廣場、運動筆記,
2026-12-27,06:00,2026 大地之母系列-蕨對路跑 JUST RUN,臺南市,南部,臺南市安平區觀夕平台,,21K / 10K / 5K / 2K,10K、半馬、10K以下,報名中,2026-09-28,2026-11-15,,,,有藝思國際娛樂,https://irunner.biji.co/2026JustRun,跑者廣場,
2026-12-27,06:30,2026 扶輪盃為愛發聲公益路跑賽,高雄市,南部,高雄市三民區丸鐵運動,高雄市三民區美都路9號,21K / 10K / 3K,10K、半馬、10K以下,報名中,2026-07-10,2026-11-08,29,1090,,高雄鐵人扶輪社,https://bao-ming.com/eb/content/7078#33324,跑者廣場、運動筆記,
2026-12-27,06:30,2026 第三屆新營太子宮三太子哪吒「奔向健康」半程馬拉松,臺南市,南部,臺南市新營區太子宮,台南市新營區太子宮45-2號,21.5K / 11.5K / 6K,10K、半馬、10K以下,快截止,2026-07-08,2026-10-11,1,800,,新營太子宮太子爺廟管理委員會,https://lohasnet.tw/TaizikunRun2026/,跑者廣場、運動筆記,
2027-01-01,07:00,2027 14th 長堤曙光元旦馬拉松,臺北市,北部,臺北市萬華區馬場町紀念公園,,42.195K / 21K / 10K / 5K,10K、全馬、半馬、10K以下,報名中,2026-08-28,2026-11-02,,1200,,中華民國越野運動協會,https://bao-ming.com/eb/content/7188#33768,跑者廣場,
2027-01-01,06:40,2027 屏東風域曙光路跑,屏東縣,南部,屏東縣滿州鄉佳樂水風景區,屏東縣滿州鄉茶山路18號,21K / 10K / 4K,10K、半馬、10K以下,報名中,2026-08-14,2026-11-21,42,500,,屏東縣政府,https://bao-ming.com/eb/content/7165#33608,跑者廣場、運動筆記,
2027-01-03,08:00,2027 SUPERACE 野馬越野系列賽冬嶺野馬,桃園市,北部,桃園市大溪區福安國民小學,桃園市大溪區福安里復興路一段755號,35K / 23K / 12K / 5K,10K、25-42K、10K以下、越野,報名中,2026-08-04,2026-11-26,47,1000,,SUPERACE/社團法人臺灣體育運動競技協會,https://bao-ming.com/eb/content/7163#33484,跑者廣場、運動筆記,
2027-01-03,,2027 年新北都會國際半程馬拉松,新北市,北部,新北市三重區新北大都會公園(近熊猴森樂園草坪),新北市三重區新北大都會公園,21K / 10.5K / 4.5K,10K、半馬、10K以下,報名中,2026-09-22,2026-10-15,5,980,,全統運動用品股份有限公司,https://ctrun.tw/MZ270103,跑者廣場、運動筆記,
2027-01-09,,2027 富邦人壽高雄馬拉松 DAY 1,高雄市,南部,,高雄市左營區世運大道100號,5K / 0.15K,10K以下,報名中,,,,,,高雄市政府運動發展局,,運動筆記,
2027-01-09,04:00,第九屆龍虎鳳越野,苗栗縣,中部,苗栗縣南庒鄉裕見生活露營區,苗栗縣南庄鄉東江38之12號),100K / 74K / 43K / 26K / 16K / 9K,10K、25-42K、越野、超馬,已截止,2026-05-01,2026-10-31,,,,臺灣龍虎鳳越野協會,https://dtptrail.com/,跑者廣場、運動筆記,跑者廣場標示已截止（可能額滿提前截止）
2027-01-10,07:00,2027 南投縣仁愛鄉原住民三鐵挑戰賽,南投縣,中部,南投縣仁愛鄉互助國小,南投縣仁愛鄉互助村中華路19號),9K+33K,鐵人,報名中,2026-07-10,2026-11-30,51,1300,,南投縣仁愛鄉公所,https://www.focusline.com.tw/270110KW?promo=taipeimarathon,跑者廣場、運動筆記,
2027-01-10,06:30,2027 宜蘭四季絕代雙礁馬拉松,宜蘭縣,北部,宜蘭縣宜蘭市窯烤山寨村,宜蘭縣宜蘭市梅洲二路140號,42.195K / 21K / 10K / 4K,10K、全馬、半馬、10K以下,報名中,2026-08-08,2026-11-15,36,750,,宜蘭縣四季健跑會,https://irunner.biji.co/Yilan2027,跑者廣場、運動筆記,
2027-01-10,05:20,2027 富邦人壽高雄馬拉松,高雄市,南部,高雄市前鎮區時代大道,高雄市左營區世運大道100號,42.195K / 21K / 5K,全馬、半馬、10K以下,報名中,2026-09-21,2026-10-23,,,AIMS、measured,高雄市政府運動發展局,https://irunner.biji.co/2027KHM,跑者廣場、運動筆記,
2027-01-10,05:00,2027 渣打臺北公益馬拉松,臺北市,北部,臺北市中正區總統府前廣場,台北市中正區重慶南路一段122號,42.195K / 21.0975K / 12K / 3K,10K、全馬、半馬、10K以下,報名中,2026-09-02,2026-10-30,19,650,AIMS、measured,中華民國路跑協會,https://scbmarathon.com/index.php,跑者廣場、運動筆記,報名開始日兩邊不同：跑者廣場 2026-08-26、運動筆記 2026-09-02
2027-01-10,06:30,2027 矽品半程馬拉松-迎風前行 科技領航,彰化縣,中部,彰化縣二林鎮矽品二林廠前,彰化縣二林鎮中科二林大道二段177號,21K / 10K / 6K,10K、半馬、10K以下,報名中,2026-09-15,2026-10-25,15,100,,樂活資訊服務(股)公司,https://lohasnet.tw/SPIL2027/,跑者廣場、運動筆記,
2027-01-17,,2027 MIZUNO 美津濃馬拉松接力賽,新北市,北部,,萬里區,43K,超馬,報名中,,,,,,中華民國體育運動總會 、 台灣美津濃股份有限公司,,運動筆記,
2027-01-17,,2027 臺中 MIZUNO 都會國際半程馬拉松,臺中市,中部,臺中市西屯區中央球場,台中市西屯區凱旋路,21K / 10K / 3.5K,10K、半馬、10K以下,報名中,2026-09-17,2026-10-15,5,980,,全統運動用品股份有限公司,https://ctrun.tw/MZ270117,跑者廣場、運動筆記,
2027-01-17,,2027 臺南保生盃全國馬拉松,臺南市,南部,臺南市歸仁區大武路一段,,42.195K / 21K / 9.5K / 5K / 3K,10K、全馬、半馬、10K以下,待確認,,,,,,,,跑者廣場,沒有報名連結
2027-01-17,06:50,2027 金門馬拉松,金門縣,離島,金門縣金城鎮金馬聯合服務中心前廣場,,42.195K / 21K / 10K / 4K,10K、全馬、半馬、10K以下,報名中,2026-07-14,2026-10-30,,800,AIMS,金門縣政府,https://www.sportsnet.org.tw/20270117_web/,跑者廣場,
2027-01-17,08:00,山羚羊越野~福源山站,桃園市,北部,桃園市龜山區福源山步道口,,21K / 15K / 10K / 5K,10K、半馬、10K以下、越野,報名中,2026-08-26,2026-12-06,,,,鉑金運動行銷有限公司,https://bao-ming.com/eb/content/7190#33728,跑者廣場,
2027-01-23,06:00,2026 陽明山超級馬拉松,臺北市,北部,臺北市士林區至善國中,台北市士林區至善路二段360號,63K / 50K / 42.195K / 21K / 10K / 5K,10K、全馬、半馬、10K以下、超馬,報名中,2026-05-29,2026-12-23,74,,,社團法人中華民國超級馬拉松運動協會,https://www.ctau.org.tw/news/2027-01-23-%e9%99%bd%e6%98%8e%e5%b1%b1%e8%b6%85%e7%b4%9a%e9%a6%ac%e6%8b%89%e6%9d%be/,跑者廣場、運動筆記,賽名年份 2026 與比賽日期 2027 不符
2027-01-23,06:30,2027 Good Morning Taipei 早安臺北城市路跑,臺北市,北部,臺北市中山區大佳河濱公園,,21K / 10K / 4K,10K、半馬、10K以下,報名中,2026-09-04,2026-10-31,,850,,展逸國際企業股份有限公司,https://bao-ming.com/eb/content/7157#33830,跑者廣場,
2027-01-24,05:00,2027 新竹縣尖石鄉鎮西堡王者之路～光明(火)超級馬拉松,新竹縣,北部,新竹縣尖石鄉公所前廣場,新竹縣尖石鄉義興村70號,100K / 80K / 50K,超馬,已截止,2026-07-01,2026-09-30,,,,尖石鄉公所/中華13知路跑協會,https://bao-ming.com/eb/content/7052#32990,跑者廣場、運動筆記,運動筆記：延期說明的日期與比賽日期不一致：原2026/01/17因故延期至2026/01/24
2027-01-24,06:30,2027 第九屆臺中資訊盃公益馬拉松,臺中市,中部,臺中市烏日區烏日國中,臺中市烏日區新興路457號,42.195K / 21K / 12K / 5K,10K、全馬、半馬、10K以下,報名中,2026-07-15,2026-11-15,36,800,,臺中市電腦商業同業公會/臺灣大腳丫長跑協會,https://irunner.biji.co/2027TCCA,跑者廣場、運動筆記,
2027-01-24,06:00,2027 臺灣環島跑者圓夢計畫III(火車站環島),臺北市,北部,臺北市中正區天成大飯店,,1100K,超馬,已截止,,,,,,臺灣環島跑者聯盟協會,https://bao-ming.com/eb/content/7011#32837,跑者廣場,
2027-01-31,06:00,2027 木架山馬拉松暨尾牙馬,臺南市,南部,臺南市新化區東成會館,臺南市新化區知義里中興路293號,42.195K / 21K / 12K / 5K / 2K,10K、全馬、半馬、10K以下,報名中,2026-08-12,2026-12-15,66,400,,光圈整合行銷有限公司/東成醬油,https://bao-ming.com/eb/content/7164#33596,跑者廣場、運動筆記,
2027-02-14,06:30,2027 第四屆仁愛鄉賽德克櫻花季馬拉松,南投縣,中部,南投縣仁愛鄉春陽村第四班櫻花大道,南投縣仁愛鄉大同村仁和路184號,42.195K / 21K / 10K / 5K,10K、全馬、半馬、10K以下,報名中,2026-07-10,2026-12-31,82,900,,南投縣仁愛鄉公所,https://fsurl.cc/270214KV/taipeimarathon,跑者廣場、運動筆記,報名截止日兩邊不同：跑者廣場 2026-11-30、運動筆記 2026-12-31
2027-02-21,06:00,2027 年嘉義半程馬拉松,嘉義縣,南部,嘉義縣中埔鄉多功能運動公園,,,,待確認,,,,,,蔡良闊慈善會,,跑者廣場,沒有距離資料；沒有報名連結
2027-02-21,06:00,2027 府城英雄馬拉松,臺南市,南部,臺南市安平區觀夕平台,,42.195K / 21.0975K / 10.4K / 5.5K,10K、全馬、半馬、10K以下,報名中,2026-08-28,2027-01-21,,450,,府城國際超級馬拉松協會,https://bao-ming.com/eb/content/7198#33792,跑者廣場,
2027-02-21,06:00,2027 晨曦麥香-馳舞向前馬拉松,臺中市,中部,臺中市大雅區大雅國小操場,臺中市大雅區大雅里學府路230號,42.195K / 21K / 12.2K / 5K,10K、全馬、半馬、10K以下,報名中,2026-10-01,2026-11-16,37,650,,大雅中央獅子會/大雅永興宮,https://lohasnet.tw/MaiXiang2027/,跑者廣場、運動筆記,
2027-02-27,07:00,2027 浪漫台三~戀戀大湖草莓文化嘉年華馬拉松,苗栗縣,中部,苗栗縣大湖鄉酒莊對面廣場,苗栗縣大湖鄉富興村2-4號,42.195K / 21K / 11K / 5K,10K、全馬、半馬、10K以下,報名中,2026-10-01,2026-12-31,82,750,,大湖地區農會/臺灣鐵人運動協會,https://ironman.org.tw/index.php/167,跑者廣場、運動筆記,
2027-02-28,06:00,2027 彰化同濟盃全國馬拉松暨兒童親子路跑,彰化縣,中部,彰化縣員林市員林家商,彰化縣員林市中正路56號,42.195K / 21K / 10K / 3K,10K、全馬、半馬、10K以下,報名中,2026-09-22,2027-01-31,113,399,,旭展國際同濟會/臺灣大腳丫長跑協會,https://irunner.biji.co/2027Changhua?page=5694,跑者廣場、運動筆記,
2027-02-28,04:00,第十屆奮起雲擁_大華公路159甲經典百K馬拉松挑戰賽,嘉義市,南部,嘉義市蘭潭音樂噴泉,嘉義市東區紅毛埤187號,100K / 76K / 50K / 42.195K,全馬、超馬,報名中,2026-07-01,2026-10-15,5,2400,,嘉義市諸羅山長跑協會,https://www.focusline.com.tw/270228JK/?promo=running.biji,跑者廣場、運動筆記,
2027-03-06,07:00,LA NEW 第58屆活動那米哥莊園第2場試金石半程馬拉松,新北市,北部,新北市萬里區那米哥莊園,,21K / 10K / 5K,10K、半馬、10K以下,報名中,,2027-01-29,,980,,那米哥旅行社,https://bao-ming.com/eb/content/7202#33828,跑者廣場,
2027-03-07,07:30,2027 扶輪公益路跑｜快樂奔跑・健康加倍,臺北市,北部,臺北市中山區美堤河濱公園,臺北市中山區樂群一路基隆河基16號水門,21K / 10K / 5K,10K、半馬、10K以下,報名中,2026-10-01,2027-01-15,97,750,,國際扶輪3502地區,https://lohasnet.tw/RotaryClub2027/,跑者廣場、運動筆記,
2027-03-07,,2027 第三屆追飛機路跑,桃園市,北部,桃園市大園區竹圍漁港漁會大樓前廣場,桃園市大園區沙崙里漁港路353巷176號,12K / 4K,10K、10K以下,待確認,,,,,,桃園市體育總會馬拉松委員會/桃園市政府體育局,,跑者廣場、運動筆記,沒有報名連結
2027-03-07,05:30,2027 臺南古都國際半程馬拉松,臺南市,南部,臺南市安平區永華市政中心南島路,臺南市安平區建平里永華路二段6號,21.0975K / 10K / 5K,10K、半馬、10K以下,報名中,2026-09-07,2026-11-06,,550,AIMS,臺南市政府,https://bao-ming.com/eb/content/7181#33748,跑者廣場、運動筆記,
2027-03-12,11:00,2027 LAVA 玩賽樂園,臺東縣,東部,臺東縣臺東市森林公園活水湖,臺東縣臺東市馬亨亨大道,0.2K+5K+2K / 0.1K+5K+1.5K,鐵人,報名中,2026-04-01,2027-01-10,92,,,LAVA 鐵人公司,https://bao-ming.com/eb/content/6970#32718,跑者廣場、運動筆記,
2027-03-13,07:00,2027 LAVA 玩賽樂園,臺東縣,東部,臺東縣臺東市森林公園活水湖,,1.9K+90K+21.1K / 1.5K+40K+10K / 0.75K+14K+5K,鐵人,報名中,2026-04-01,2027-01-10,,,,LAVA 鐵人公司,https://bao-ming.com/eb/content/6970#32718,跑者廣場,
2027-03-13,15:30,2027 Rock‘n’Roll Running Series – Taitung 搖滾路跑,臺東縣,東部,臺東縣臺東市森林公園活水湖,,21K / 10K / 4K / 1.3K,10K、半馬、10K以下,報名中,2026-09-07,2027-01-14,,,,破圈運動行銷股份有限公司,https://bao-ming.com/eb/content/7152#33850,跑者廣場,
2027-03-13,05:00,2027 第16屆南橫(霧鹿峽谷)超級馬拉松,臺東縣,東部,臺東縣關山鎮天后宮,,100K / 60K / 45K / 22K,半馬、超馬,報名中,2026-07-27,2026-12-15,,,,關山鎮公所/南橫超級馬拉松俱樂部,https://bao-ming.com/eb/content/7159#33422,跑者廣場,
2027-03-13,06:30,2027 第二屆木棉花半程馬拉松,臺南市,南部,臺南市白河區運動公園,臺南市白河區永安里新興路536號,21K / 11K / 5K,10K、半馬、10K以下,報名中,2026-09-21,2027-01-10,92,,,雲林縣三鐵運動協會,https://lohasnet.tw/Kapok2027/,跑者廣場、運動筆記,
2027-03-13,,2027 花蓮太平洋浪花半程馬拉松,花蓮縣,東部,花蓮縣壽豐鄉海洋公園前,花蓮縣壽豐鄉,21K / 12K / 6K,10K、半馬、10K以下,待確認,,,,,,花蓮縣體育會,,跑者廣場、運動筆記,沒有報名連結
2027-03-14,05:30,2027 國家地理路跑-RUN FOR EARTH,臺北市,北部,臺北市中正區總統府前凱達格蘭大道,台北市中正區重慶南路一段122號,21K / 10K / 4K,10K、半馬、10K以下,報名中,2026-10-01,2027-01-07,89,,,臺灣華特迪士尼股份有限公司,https://irunner.biji.co/2027NGR,跑者廣場、運動筆記,
2027-03-14,06:00,2027 高美濕地馬拉松,臺中市,中部,臺中市清水區臺中區漁會第二停車場,台中市清水區北堤路,42.195K / 21K / 10K / 5K,10K、全馬、半馬、10K以下,報名中,2026-10-01,2026-12-31,82,850,,臺中市慢跑協會,https://lohasnet.tw/Taichung_Harbor2027/,跑者廣場、運動筆記,
2027-03-14,,2027 鳳山跑三校越野馬拉松,高雄市,南部,高雄市鳳山區陸軍軍官學校,高雄市鳳山區維武路1號,42.195K / 23K / 10K / 3K,10K、全馬、25-42K、10K以下、越野,待確認,,,,,,高雄市鳳山慢跑協會,,跑者廣場、運動筆記,沒有報名連結
2027-03-14,,2027柚花追香半程馬拉松-麻豆場,臺南市,南部,,臺南市麻豆區井東里113號,21K / 12K / 6K,10K、半馬、10K以下,報名中,,,,,,麻豆區農會,,運動筆記,
2027-03-21,,2027 大亞旺萊馬拉松,臺南市,南部,臺南市關廟區大亞電線電纜股份有限公司臺南總公司,台南市關廟區中山路二段249號,42.195K / 30K / 21K / 14K / 7K,10K、全馬、半馬、25-42K、10K以下,待確認,,,,,,大亞電線電纜股份有限公司,,跑者廣場、運動筆記,沒有報名連結
2027-03-21,06:00,2027 柚花追香半程馬拉松-麻豆場,臺南市,南部,臺南市麻豆區安業國小,,21K / 12K / 6K,10K、半馬、10K以下,待確認,,,,,,麻豆區農會,,跑者廣場,沒有報名連結
2027-03-21,06:30,2027 第八屆Taipei Morning Summer半程馬拉松,臺北市,北部,臺北市大同區承德橋下越堤舊兒童樂園自行車道,承德橋下越堤舊兒童樂園自行車道,21K / 9.5K / 4K,10K、半馬、10K以下,報名中,2026-10-08,2027-02-27,140,,,臺北市大同區體育會/臺北市政府體育局,https://lohasnet.tw/TaipeiMorningSummer2027/,跑者廣場、運動筆記,
2027-03-21,,2027 臺灣集集半程國際馬拉松,南投縣,中部,南投縣集集鎮集集火車站,南投縣集集鎮民權路,21.1K / 13.14K / 5.20K,10K、半馬、10K以下,待確認,,,,,,集集鎮公所/臺灣國際馬拉松交流協會,,跑者廣場、運動筆記,沒有報名連結
2027-03-21,,2027府城英雄馬拉松,臺南市,南部,,台南市安平區漁濱路,42.195K / 21.0975K / 10K / 5K,10K、全馬、半馬、10K以下,報名中,2026-08-28,2027-01-21,103,450,,府城國際超級馬拉松協會,https://bao-ming.com/eb/content/7198#reg,運動筆記,
2027-03-26,06:00,2027 SUPERACE 超級馬拉松多日賽 新北淡蘭站,新北市,北部,新北市貢寮區YMCA福隆營地,新北市貢寮區福隆里福隆街60號,109K,超馬,報名中,2026-07-09,2027-01-21,103,18500,,SUPERACE/社團法人臺灣體育運動競技協會,https://bao-ming.com/eb/content/7114#33296,跑者廣場、運動筆記,
2027-03-27,,2027 Global 6K for Water,臺北市,北部,臺北市中山區大佳河濱公園(巨蛋廣場),台北市大佳河濱公園(巨蛋廣場),6K,10K以下,待確認,,,,,,,,跑者廣場、運動筆記,沒有報名連結
2027-03-27,15:30,2027 柚花追香半程馬拉松-瑞穗星光夜跑,花蓮縣,東部,花蓮縣瑞穗鄉瑞穗國小,花蓮縣瑞穗鄉瑞穗村溫泉路一段19號,21K / 12K / 6K,10K、半馬、10K以下,報名中,2026-08-20,2027-02-12,125,990,,瑞穗鄉農會,https://bao-ming.com/eb/content/7172#33690,跑者廣場、運動筆記,報名截止日兩邊不同：跑者廣場 2026-08-12、運動筆記 2027-02-12
2027-03-28,07:00,2027 SUPERACE 野馬越野系列賽 春林野馬,新北市,北部,新北市新店區新店國小,新北市新店區國校里新店路2號,20K,半馬、越野,報名中,2026-07-09,2027-01-21,103,2500,,SUPERACE/社團法人臺灣體育運動競技協會,https://bao-ming.com/eb/content/7114#33296,跑者廣場、運動筆記,
2027-03-28,06:00,2027 匠愛家園公益路跑,高雄市,南部,高雄市岡山區匠愛家園,高雄市岡山區大莊路350號,21K / 10.5K,10K、半馬,待確認,,,,,,社團法人高雄市匠愛家園關懷協會,,跑者廣場、運動筆記,沒有報名連結
2027-03-28,06:00,2027 神岡馬-神豐國際同濟會全國公益馬拉松-慢飛天使圓夢 讓愛起飛,臺中市,中部,臺中市神岡區神岡國小,臺中市神岡區神岡里神圳路1號,42.195K / 23K / 10.5K / 4.5K,10K、全馬、25-42K、10K以下,報名中,2026-10-01,2027-01-17,99,,,神豐國際同濟會,https://lohasnet.tw/Shengang-marathon2027/,跑者廣場、運動筆記,
2027-04-03,,2027 中山香香生活節,宜蘭縣,北部,,宜蘭縣冬山鄉中山村舊寮路55號,21K / 12K / 6K / 2.5K,10K、半馬、10K以下,報名中,2026-09-24,2027-02-17,130,350,,宜蘭縣冬山鄉中山社區發展協會,https://bao-ming.com/eb/content/7192#reg,跑者廣場、運動筆記,沒有地點；運動筆記：延期說明的日期與比賽日期不一致：原2027/03/20因故改期至2026/04/03
2027-04-10,,2027 IRONKIDS 澎湖國際小鐵人三項賽,澎湖縣,離島,澎湖縣馬公市嵵裡國小,,0.2K+1.6K,鐵人,待確認,,,,,,LAVA 鐵人公司,https://www.taiwantriathlon.com/pages/im2027,跑者廣場、運動筆記,
2027-04-10,04:30,2027 制霸蘭嶼,臺東縣,東部,臺東縣蘭嶼鄉椰油國小,,101K / 50K,超馬,報名中,,2027-03-10,,,,TUR/臺灣龍虎鳳越野協會,https://800heroes.com/races/Lanyu-2027,跑者廣場,
2027-04-10,07:00,2027 突破BMI動吃懂吃,雲林縣,中部,雲林縣西螺鎮西螺大橋廣場,雲林縣西螺鎮大橋路,10K / 5K,10K、10K以下,報名中,2026-03-21,2027-02-14,127,1000,,中華民國商業合作發展協會,https://www.focusline.com.tw/270410JT?promo=running.biji,跑者廣場、運動筆記,
2027-04-10,,2027 第八屆BC臺灣柏釧公益路跑,彰化縣,中部,彰化縣彰化市台灣BC柏釧企業(股)公司,彰化縣彰化市彰南路六段131號,21K / 10K / 5K / 3K,10K、半馬、10K以下,待確認,,,,,,彰化縣體育會/臺灣柏釧企業股份有限公司,https://lohasnet.tw/#/event,跑者廣場、運動筆記,
2027-04-10,,7th CRUFU RUN 夸父追日跨夜接力賽-東臺灣站,臺東縣,東部,臺東縣卑南鄉達魯瑪克部落大草原,,210K,超馬,待確認,,,,,,司格特國際運動行銷有限公司,,跑者廣場,沒有報名連結
2027-04-11,,2027 IRONMAN Penghu 澎湖國際鐵人三項賽,澎湖縣,離島,澎湖縣馬公市嵵裡國小,,3.8K+180K+42.2K,鐵人,待確認,,,,,,LAVA 鐵人公司,https://www.taiwantriathlon.com/pages/im2027 ,跑者廣場、運動筆記,
2027-04-11,06:00,2027 七股生態馬拉松,臺南市,南部,七股正王府雷安宮 台南市七股區十份里53之2號,,42.195K / 21.0975K / 10K / 5K,10K、全馬、半馬、10K以下,待確認,,,,,,府城國際超級馬拉松協會,,跑者廣場,沒有報名連結
2027-04-17,,2027 ELLE RUN With Style,臺北市,北部,,臺北市中山區濱江街5號,21K / 10K / 5K,10K、半馬、10K以下,即將開報,2026-11-17,2027-02-19,,,,ELLE Taiwan 、 台灣赫斯特媒體(股)公司,,運動筆記,
2027-04-17,,2027 全國視障公益路跑賽,臺中市,中部,臺中市神岡區潭雅神綠園道神岡和平場站,台中市神岡區和平路,21K / 10K / 5K,10K、半馬、10K以下,待確認,,,,,,臺中市政府運動局/臺中市政府社會局,,跑者廣場、運動筆記,沒有報名連結
2027-04-18,06:00,2027 RUN FOR FUTURE 第五屆順發x港都公益路跑,高雄市,南部,高雄市鹽埕區港灣文化廊帶(駁二x高流),高雄市苓雅區苓洲里,21K / 10K / 5K,10K、半馬、10K以下,報名中,2026-10-01,2026-12-31,82,700,,港都科技三三會/順發公益運動協會,https://lohasnet.tw/Sunfar2027/,跑者廣場、運動筆記,
2027-04-24,,2027 The North Face 100 谷關越野挑戰賽,臺中市,中部,,臺中市和平區東關路一段松鶴二巷,58.9K / 37.4K / 24.7K / 13.2K / 12.3K,10K、25-42K、越野、超馬,報名中,2026-09-30,2027-01-31,113,1800,,The North Face,https://bao-ming.com/eb/content/7183#reg,運動筆記,
2027-04-25,04:00,2027 The North Face 100 谷關越野挑戰賽,臺中市,中部,臺中市和平區運動公園,,60K / 40K / 25K / 13K / 3人接力,10K、25-42K、接力、越野、超馬,報名中,2026-09-30,2027-01-31,,1800,,LAVA Sports 台灣鐵人三項公司,https://bao-ming.com/eb/content/7183#34112,跑者廣場,
2027-05-01,07:30,2027 Bali Trail 八里越野,新北市,北部,新北市八里區龜馬山紫皇天乙真慶宮,,24K / 12K / 8K / 2K / 1K,10K、25-42K、10K以下、越野,報名中,,2027-04-02,,,,Venture Treks,https://venturetreks.asia/balitrailtaiwan/,跑者廣場,
2027-05-09,06:00,2027 tSt 新北微風鐵人賽,新北市,北部,新北市五股區微風運河周邊,,1.9K+90K+21K / 1.5K+40K+10K / 0.75K+20K+5K / 0.4K+10K+2.5K / 5K+40K+5K,鐵人,報名中,,2027-03-20,,,,新北市超級鐵人運動發展協會,https://bao-ming.com/eb/content/7089#33097,跑者廣場,
2027-11-27,,玩野樂園,桃園市,北部,,桃園市大溪區環湖路1-10號,50K / 20K / 10K / 5K,10K、半馬、10K以下、超馬,報名中,,,,,,破圈運動行銷股份有限公司,,運動筆記,
2027-12-05,,2027臺中城市半程馬拉松,臺中市,中部,,台中市西屯區臺灣大道三段99號,21K,半馬,報名中,,,,,,,,運動筆記,
